{"loss": [0.0007684289594180882, 0.0007673334912396967, 0.0007667958852835, 0.0007659927359782159, 0.0007661529816687107, 0.0007651713094674051, 0.000764734810218215, 0.0007641921401955187, 0.000764037889894098, 0.0007638935348950326, 0.0007635654183104634, 0.0007634185603819788, 0.0007633238565176725, 0.0007633798522874713, 0.0007634453941136599, 0.000763172167353332, 0.0007631022017449141, 0.0007633212953805923, 0.0007630321197211742, 0.0007630395120941103, 0.0007627025479450822, 0.0007628630264662206, 0.000762998010031879, 0.0007625585421919823, 0.0007624682039022446, 0.0007622237899340689, 0.0007620962569490075, 0.0007620831020176411, 0.0007620844407938421, 0.0007618695963174105, 0.0007621370605193079, 0.00076200783951208, 0.0007616752991452813, 0.0007618206436745822, 0.0007614990463480353, 0.0007611277978867292, 0.0007606712752021849, 0.0007605717983096838, 0.0007607649313285947, 0.000760600552894175, 0.000760691415052861, 0.0007608852465637028, 0.0007603612612001598, 0.0007603181875310838, 0.0007603370468132198, 0.0007601036340929568, 0.0007600894314236939, 0.0007601130637340248, 0.0007604152197018266, 0.0007602832629345357], "mean_absolute_error": [0.015619038604199886, 0.015602311119437218, 0.015609494410455227, 0.015599754638969898, 0.01560379657894373, 0.01559118926525116, 0.015603212639689445, 0.015594701282680035, 0.015588687732815742, 0.01559570524841547, 0.015591808594763279, 0.015585219487547874, 0.01558317057788372, 0.0155833400785923, 0.015578802675008774, 0.015570145100355148, 0.015576803125441074, 0.015573897399008274, 0.015575281344354153, 0.015564992092549801, 0.015557939186692238, 0.015552915632724762, 0.01555725373327732, 0.015547635033726692, 0.015563374385237694, 0.015546987764537334, 0.015548136085271835, 0.015554260462522507, 0.015553021803498268, 0.015550689771771431, 0.015555782243609428, 0.015551312826573849, 0.015546589158475399, 0.015545793808996677, 0.015532168559730053, 0.015522447414696217, 0.015500593930482864, 0.015497609972953796, 0.015505301766097546, 0.015506748110055923, 0.0155012933537364, 0.015506291761994362, 0.01549613755196333, 0.015486632473766804, 0.015490375459194183, 0.01548627857118845, 0.015481117181479931, 0.01548012811690569, 0.015494367107748985, 0.015488166362047195], "mean_squared_error": [0.0007684289594180882, 0.0007673334912396967, 0.0007667958852835, 0.0007659927359782159, 0.0007661529816687107, 0.0007651713094674051, 0.000764734810218215, 0.0007641921401955187, 0.000764037889894098, 0.0007638935348950326, 0.0007635654183104634, 0.0007634185603819788, 0.0007633238565176725, 0.0007633798522874713, 0.0007634453941136599, 0.000763172167353332, 0.0007631022017449141, 0.0007633212953805923, 0.0007630321197211742, 0.0007630395120941103, 0.0007627025479450822, 0.0007628630264662206, 0.000762998010031879, 0.0007625585421919823, 0.0007624682039022446, 0.0007622237899340689, 0.0007620962569490075, 0.0007620831020176411, 0.0007620844407938421, 0.0007618695963174105, 0.0007621370605193079, 0.00076200783951208, 0.0007616752991452813, 0.0007618206436745822, 0.0007614990463480353, 0.0007611277978867292, 0.0007606712752021849, 0.0007605717983096838, 0.0007607649313285947, 0.000760600552894175, 0.000760691415052861, 0.0007608852465637028, 0.0007603612612001598, 0.0007603181875310838, 0.0007603370468132198, 0.0007601036340929568, 0.0007600894314236939, 0.0007601130637340248, 0.0007604152197018266, 0.0007602832629345357], "val_loss": [0.000765790231525898, 0.0007610080647282302, 0.000760248105507344, 0.0007613988127559423, 0.0007910493295639753, 0.0007822873303666711, 0.0007555793854407966, 0.0007527655689045787, 0.0007572472677566111, 0.0007628072053194046, 0.0007758086430840194, 0.0007595241768285632, 0.0007618649979121983, 0.0007638017414137721, 0.0007582159014418721, 0.0007576682255603373, 0.0007676199893467128, 0.0007537134224548936, 0.0007671296480111778, 0.000750127830542624, 0.0007497839978896081, 0.000765076489187777, 0.0007612563786096871, 0.0007884971564635634, 0.0007556423079222441, 0.0007730774232186377, 0.0007623354904353619, 0.0007535055628977716, 0.0007643077406100929, 0.0007610140019096434, 0.0007581656682305038, 0.0007960107759572566, 0.0007524445536546409, 0.0007522990345023572, 0.000746584206353873, 0.0007491102442145348, 0.0007710442878305912, 0.0007528822170570493, 0.0007550313603132963, 0.0007489094277843833, 0.0007532359450124204, 0.00077771459473297, 0.0007707235054112971, 0.0007611578330397606, 0.0007506849942728877, 0.0007867618114687502, 0.0007470879354514182, 0.0007538747740909457, 0.0007733665406703949, 0.0007622708799317479], "val_mean_absolute_error": [0.01621733233332634, 0.015433132648468018, 0.015186644159257412, 0.015377521514892578, 0.01574118435382843, 0.015281411819159985, 0.015560491941869259, 0.015371698886156082, 0.015842312946915627, 0.015458421781659126, 0.01585485227406025, 0.015507982112467289, 0.0158698670566082, 0.015206019394099712, 0.015673194080591202, 0.015305145643651485, 0.015529235824942589, 0.015592011623084545, 0.016336793079972267, 0.015149127691984177, 0.014889344573020935, 0.015240715816617012, 0.015882043167948723, 0.016221482306718826, 0.015078040771186352, 0.01575462706387043, 0.015328051522374153, 0.014914039522409439, 0.01583114266395569, 0.016033921390771866, 0.015084628015756607, 0.015932584181427956, 0.01548797357827425, 0.015554351732134819, 0.015154401771724224, 0.014954842627048492, 0.01581689715385437, 0.015344255603849888, 0.014818897470831871, 0.015167306177318096, 0.015465822070837021, 0.015911942347884178, 0.01601403020322323, 0.015556637197732925, 0.015272896736860275, 0.017142171040177345, 0.01476418785750866, 0.015072999522089958, 0.0167317446321249, 0.015408135950565338], "val_mean_squared_error": [0.000765790231525898, 0.0007610080647282302, 0.000760248105507344, 0.0007613988127559423, 0.0007910493295639753, 0.0007822873303666711, 0.0007555793854407966, 0.0007527655689045787, 0.0007572472677566111, 0.0007628072053194046, 0.0007758086430840194, 0.0007595241768285632, 0.0007618649979121983, 0.0007638017414137721, 0.0007582159014418721, 0.0007576682255603373, 0.0007676199893467128, 0.0007537134224548936, 0.0007671296480111778, 0.000750127830542624, 0.0007497839978896081, 0.000765076489187777, 0.0007612563786096871, 0.0007884971564635634, 0.0007556423079222441, 0.0007730774232186377, 0.0007623354904353619, 0.0007535055628977716, 0.0007643077406100929, 0.0007610140019096434, 0.0007581656682305038, 0.0007960107759572566, 0.0007524445536546409, 0.0007522990345023572, 0.000746584206353873, 0.0007491102442145348, 0.0007710442878305912, 0.0007528822170570493, 0.0007550313603132963, 0.0007489094277843833, 0.0007532359450124204, 0.00077771459473297, 0.0007707235054112971, 0.0007611578330397606, 0.0007506849942728877, 0.0007867618114687502, 0.0007470879354514182, 0.0007538747740909457, 0.0007733665406703949, 0.0007622708799317479]}