{"loss": [0.000882387743331492, 0.0008709674584679306, 0.0008613905520178378, 0.0008532319334335625, 0.0008464077254757285, 0.0008406343986280262, 0.0008357109618373215, 0.00083138607442379, 0.0008276501321233809, 0.0008242024923674762, 0.0008211385575123131, 0.0008182651363313198, 0.0008155560353770852, 0.0008129492634907365, 0.0008105156593956053, 0.0008081881096586585, 0.0008059339015744627, 0.0008038277737796307, 0.0008018902153708041, 0.0008000897360034287, 0.0007983204559423029, 0.000796677777543664, 0.0007951357983984053, 0.0007936150068417192, 0.000792173610534519, 0.0007908089901320636, 0.0007895256858319044, 0.0007882693316787481, 0.0007870516856200993, 0.0007859797915443778, 0.0007849596440792084, 0.0007839580648578703, 0.0007830186514183879, 0.0007822177722118795, 0.0007813909905962646, 0.0007805967470631003, 0.0007799107697792351, 0.0007791959797032177, 0.0007786083151586354, 0.0007779423031024635, 0.0007774103432893753, 0.0007768076029606164, 0.0007762850727885962, 0.0007757921703159809, 0.000775295658968389, 0.0007748591597191989, 0.0007743905880488455, 0.0007740138680674136, 0.000773561536334455, 0.0007731724763289094], "mean_absolute_error": [0.017916327342391014, 0.017711184918880463, 0.017532851547002792, 0.01737665943801403, 0.017239416018128395, 0.017118921503424644, 0.01701199635863304, 0.016918668523430824, 0.016833772882819176, 0.016754236072301865, 0.01668243296444416, 0.01661684364080429, 0.016551217064261436, 0.016491616144776344, 0.016435980796813965, 0.016383683308959007, 0.01633489690721035, 0.016290800645947456, 0.016248924657702446, 0.016208067536354065, 0.016169007867574692, 0.016133815050125122, 0.0160976629704237, 0.01606384478509426, 0.016031663864850998, 0.015998655930161476, 0.015970012173056602, 0.015940768644213676, 0.01591460593044758, 0.01588846929371357, 0.015865635126829147, 0.015840057283639908, 0.015820568427443504, 0.015798458829522133, 0.015777844935655594, 0.01575855351984501, 0.015738727524876595, 0.01572149619460106, 0.01570379175245762, 0.015686649829149246, 0.015670238062739372, 0.015655221417546272, 0.015639912337064743, 0.01562521420419216, 0.01561159547418356, 0.015598620288074017, 0.01558583602309227, 0.015574290417134762, 0.01556248776614666, 0.015551909804344177], "mean_squared_error": [0.000882387743331492, 0.0008709674584679306, 0.0008613905520178378, 0.0008532319334335625, 0.0008464077254757285, 0.0008406343986280262, 0.0008357109618373215, 0.00083138607442379, 0.0008276501321233809, 0.0008242024923674762, 0.0008211385575123131, 0.0008182651363313198, 0.0008155560353770852, 0.0008129492634907365, 0.0008105156593956053, 0.0008081881096586585, 0.0008059339015744627, 0.0008038277737796307, 0.0008018902153708041, 0.0008000897360034287, 0.0007983204559423029, 0.000796677777543664, 0.0007951357983984053, 0.0007936150068417192, 0.000792173610534519, 0.0007908089901320636, 0.0007895256858319044, 0.0007882693316787481, 0.0007870516856200993, 0.0007859797915443778, 0.0007849596440792084, 0.0007839580648578703, 0.0007830186514183879, 0.0007822177722118795, 0.0007813909905962646, 0.0007805967470631003, 0.0007799107697792351, 0.0007791959797032177, 0.0007786083151586354, 0.0007779423031024635, 0.0007774103432893753, 0.0007768076029606164, 0.0007762850727885962, 0.0007757921703159809, 0.000775295658968389, 0.0007748591597191989, 0.0007743905880488455, 0.0007740138680674136, 0.000773561536334455, 0.0007731724763289094], "val_loss": [0.0008747752290219069, 0.000866431393660605, 0.0008561689173802733, 0.0008489835308864713, 0.0008421874954365194, 0.0008373190648853779, 0.0008320648339577019, 0.0008298131870105863, 0.000825441733468324, 0.0008237458532676101, 0.0008186831255443394, 0.0008160140132531524, 0.0008127604378387332, 0.0008106886525638402, 0.0008088366012088954, 0.000806265976279974, 0.0008035312639549375, 0.000802133756224066, 0.0007996822823770344, 0.000799184781499207, 0.0007962206727825105, 0.0007949858554638922, 0.0007942161755636334, 0.0007923268130980432, 0.0007901980425231159, 0.0007890069391578436, 0.0007872723508626223, 0.0007864736835472286, 0.0007856449810788035, 0.000785736832767725, 0.0007848317618481815, 0.0007828936213627458, 0.0007819015299901366, 0.0007803858607076108, 0.000779928348492831, 0.0007801219471730292, 0.0007794791017659009, 0.0007792549440637231, 0.0007770302472636104, 0.0007766845519654453, 0.0007759235450066626, 0.0007755352417007089, 0.000776175525970757, 0.0007747226627543569, 0.0007744855829514563, 0.0007737556006759405, 0.000774126616306603, 0.0007729576900601387, 0.0007733037928119302, 0.0007718167616985738], "val_mean_absolute_error": [0.017762484028935432, 0.017589330673217773, 0.017412705346941948, 0.017300138249993324, 0.017131075263023376, 0.017016548663377762, 0.016948483884334564, 0.016836686059832573, 0.01681072823703289, 0.016681192442774773, 0.01664067432284355, 0.016559530049562454, 0.016471456736326218, 0.01646224595606327, 0.016394145786762238, 0.0163410734385252, 0.016276977956295013, 0.016260694712400436, 0.01619338057935238, 0.01615702174603939, 0.016090016812086105, 0.01609102077782154, 0.016073040664196014, 0.016054077073931694, 0.015972470864653587, 0.01593954674899578, 0.01588655821979046, 0.015860550105571747, 0.01589072309434414, 0.01587754674255848, 0.015856577083468437, 0.015817517414689064, 0.015770673751831055, 0.015721013769507408, 0.015735505148768425, 0.015718460083007812, 0.015717878937721252, 0.015730634331703186, 0.01565660536289215, 0.015616769902408123, 0.015618954785168171, 0.015593206509947777, 0.015634985640645027, 0.015578812919557095, 0.015611769631505013, 0.01556684635579586, 0.015538533218204975, 0.015500444918870926, 0.015544080175459385, 0.015490974299609661], "val_mean_squared_error": [0.0008747752290219069, 0.000866431393660605, 0.0008561689173802733, 0.0008489835308864713, 0.0008421874954365194, 0.0008373190648853779, 0.0008320648339577019, 0.0008298131870105863, 0.000825441733468324, 0.0008237458532676101, 0.0008186831255443394, 0.0008160140132531524, 0.0008127604378387332, 0.0008106886525638402, 0.0008088366012088954, 0.000806265976279974, 0.0008035312639549375, 0.000802133756224066, 0.0007996822823770344, 0.000799184781499207, 0.0007962206727825105, 0.0007949858554638922, 0.0007942161755636334, 0.0007923268130980432, 0.0007901980425231159, 0.0007890069391578436, 0.0007872723508626223, 0.0007864736835472286, 0.0007856449810788035, 0.000785736832767725, 0.0007848317618481815, 0.0007828936213627458, 0.0007819015299901366, 0.0007803858607076108, 0.000779928348492831, 0.0007801219471730292, 0.0007794791017659009, 0.0007792549440637231, 0.0007770302472636104, 0.0007766845519654453, 0.0007759235450066626, 0.0007755352417007089, 0.000776175525970757, 0.0007747226627543569, 0.0007744855829514563, 0.0007737556006759405, 0.000774126616306603, 0.0007729576900601387, 0.0007733037928119302, 0.0007718167616985738]}